{"count":1,"self":59.018259199999996,"total":3578.550322,"children":{"InitializeActuators":{"count":24,"self":0.004109,"total":0.004109,"children":null},"InitializeSensors":{"count":24,"self":0.0032059999999999996,"total":0.0032059999999999996,"children":null},"AgentSendState":{"count":464701,"self":11.678766399999999,"total":168.372301,"children":{"CollectObservations":{"count":2230728,"self":8.435932,"total":8.435932,"children":null},"WriteActionMask":{"count":2230728,"self":88.571488,"total":88.571488,"children":null},"RequestDecision":{"count":2230728,"self":7.3972847999999995,"total":59.686114999999994,"children":{"AgentInfo.ToProto":{"count":2230728,"self":14.857814399999999,"total":52.28883,"children":{"GenerateSensorData":{"count":2230728,"self":37.431014399999995,"total":37.431014999999995,"children":null}}}}}}},"DecideAction":{"count":464701,"self":2396.16,"total":2396.160057,"children":null},"AgentAct":{"count":464701,"self":948.49791999999991,"total":954.98908399999993,"children":{"AgentInfo.ToProto":{"count":219446,"self":1.8681189999999999,"total":6.491211,"children":{"GenerateSensorData":{"count":219446,"self":4.623092,"total":4.623092,"children":null}}}}}},"gauges":{"WhiteAgent.CumulativeReward":{"count":109723,"max":1.98000026,"min":-1.91000009,"runningAverage":0.243355528,"value":-0.909999967,"weightedAverage":-0.5161324},"BlackAgent.CumulativeReward":{"count":109723,"max":1.92000008,"min":-1.84500015,"runningAverage":-0.23972398,"value":1.01,"weightedAverage":0.543299}},"metadata":{"timer_format_version":"0.1.0","start_time_seconds":"1651200583","unity_version":"2020.3.25f1","command_line_arguments":"\/home\/ubuntu\/safari_linux\/safari_ver1.x86_64 -nographics -batchmode --mlagents-port 5005 -logFile \/home\/ubuntu\/safari_linux\/results\/safari_NOLSTM_ver1\/run_logs\/Player-0.log","communication_protocol_version":"1.5.0","com.unity.ml-agents_version":"2.2.1-exp.1","scene_name":"dobutsuMainScene","end_time_seconds":"1651204161"}}