{"count":1,"self":212.16240639999998,"total":13125.324278999999,"children":{"InitializeActuators":{"count":24,"self":0.003971,"total":0.003971,"children":null},"InitializeSensors":{"count":24,"self":0.004141,"total":0.004141,"children":null},"AgentSendState":{"count":1667617,"self":42.1653568,"total":606.666432,"children":{"CollectObservations":{"count":8005128,"self":29.995980799999998,"total":29.995981999999998,"children":null},"WriteActionMask":{"count":8005128,"self":324.20311039999996,"total":324.20311399999997,"children":null},"RequestDecision":{"count":8005128,"self":25.785676799999997,"total":210.301978,"children":{"AgentInfo.ToProto":{"count":8005128,"self":51.9960928,"total":184.516301,"children":{"GenerateSensorData":{"count":8005128,"self":132.5202048,"total":132.520208,"children":null}}}}}}},"DecideAction":{"count":1667617,"self":8774.946816,"total":8774.946487,"children":null},"AgentAct":{"count":1667617,"self":3508.2870783999997,"total":3531.5374039999997,"children":{"AgentInfo.ToProto":{"count":804816,"self":6.760088,"total":23.250273,"children":{"GenerateSensorData":{"count":804816,"self":16.4901856,"total":16.490185,"children":null}}}}}},"gauges":{"BlackAgent.CumulativeReward":{"count":402408,"max":13.75002,"min":-18.7750568,"runningAverage":-0.02109015,"value":-0.76,"weightedAverage":-0.7765348},"WhiteAgent.CumulativeReward":{"count":402408,"max":17.3400269,"min":-15.0850468,"runningAverage":0.0442169,"value":0.76,"weightedAverage":0.775299668}},"metadata":{"timer_format_version":"0.1.0","start_time_seconds":"1651204663","unity_version":"2020.3.25f1","command_line_arguments":"\/home\/ubuntu\/safari_linux\/safari_ver1.x86_64 -nographics -batchmode --mlagents-port 5005 -logFile \/home\/ubuntu\/safari_linux\/results\/safari_NOLSTM_ver1_2nd try\/run_logs\/Player-0.log","communication_protocol_version":"1.5.0","com.unity.ml-agents_version":"2.2.1-exp.1","scene_name":"dobutsuMainScene","end_time_seconds":"1651217788"}}